file,class,item
IMG_3947.HEIC,plastic,body wash
IMG_3950.HEIC,plastic,Purell pump
IMG_3951.HEIC,plastic,spray bottle
IMG_3952.HEIC,plastic,water jug
IMG_3955.HEIC,plastic,orange juice
IMG_7707.HEIC,plastic,oil bottle
IMG_7708.HEIC,plastic,syrup
IMG_7709.HEIC,plastic,water gallon
IMG_7712.HEIC,plastic,water bottle
IMG_7713.HEIC,plastic,lemonade bottle
IMG_7733.JPG,plastic,plastic cup
IMG_7739.JPG,plastic,milk jug
IMG_7740.JPG,plastic,Palmolive
IMG_7741.JPG,plastic,Vaseline jar
IMG_7742.JPG,plastic,plastic cup
IMG_7743.JPG,plastic,Cantu jar
IMG_7744.JPG,plastic,Nivea lotion
IMG_7746.JPG,plastic,water bottle
IMG_9438.HEIC,plastic,Juicy Juice
IMG_9442.heic,plastic,muffin clamshell
IMG_9455.heic,plastic,Wesson jug
IMG_9465.heic,plastic,plastic cups
IMG_9466.heic,plastic,Windex
IMG_9467.heic,plastic,ketchup
IMG_9474.HEIC,plastic,Softsoap
IMG_3959.HEIC,paper_cardboard,pancake mix box
IMG_3961.HEIC,paper_cardboard,Barilla box
IMG_3962.HEIC,paper_cardboard,game box
IMG_3963.HEIC,paper_cardboard,Amazon mailer
IMG_3964.HEIC,paper_cardboard,Good Thins box
IMG_3965.HEIC,paper_cardboard,Quaker box
IMG_7724.HEIC,paper_cardboard,trash-bag box
IMG_7725.HEIC,paper_cardboard,medicine box
IMG_7726.HEIC,paper_cardboard,Quaker grits canister
IMG_7727.HEIC,paper_cardboard,muffins box
IMG_7728.HEIC,paper_cardboard,cardboard tube
IMG_7729.HEIC,paper_cardboard,gopuff bag
IMG_7730.HEIC,paper_cardboard,Domino box
IMG_7731.HEIC,paper_cardboard,open box
IMG_7732.JPG,paper_cardboard,DeWalt box
IMG_7734.JPG,paper_cardboard,envelope
IMG_7735.JPG,paper_cardboard,sheet of paper
IMG_7736.JPG,paper_cardboard,Grip-Rite box
IMG_7737.JPG,paper_cardboard,Knauf paper wrap
IMG_7738.JPG,paper_cardboard,USPS box
IMG_9473.HEIC,paper_cardboard,Fresh Step box
IMG_3966.HEIC,aluminum,Schweppes
IMG_3967.HEIC,aluminum,Polar
IMG_3968.HEIC,aluminum,Bellini can
IMG_3969.HEIC,aluminum,Red Bull
IMG_3971.HEIC,aluminum,Coca-Cola
IMG_3974.HEIC,aluminum,Hal's seltzer
IMG_7721.HEIC,aluminum,Xtreme
IMG_7751.JPG,aluminum,Poppi
IMG_9445.heic,aluminum,Iberia coconut water
IMG_3972.HEIC,aluminum,kidney beans
IMG_3973.HEIC,aluminum,Del Monte corn
IMG_7718.HEIC,aluminum,soup can
IMG_7749.JPG,aluminum,Pedigree
IMG_7753.JPG,aluminum,Goya corn
IMG_9446.heic,aluminum,Exeter corned beef
IMG_9447.heic,aluminum,Africana mackerel
IMG_9448.heic,aluminum,Trofai
IMG_7706.HEIC,plastic,plant
IMG_7711.HEIC,plastic,bowl (material unclear)
IMG_7714.HEIC,plastic,hanger
IMG_7715.HEIC,plastic,plastic fork
IMG_7716.HEIC,aluminum,PAM aerosol
IMG_7717.HEIC,aluminum,hairspray aerosol
IMG_7719.HEIC,aluminum,metal mug
IMG_7720.HEIC,aluminum,foil pan
IMG_7722.HEIC,aluminum,CD
IMG_7723.HEIC,aluminum,Nivea tin
IMG_7745.JPG,aluminum,butane aerosol
IMG_7747.JPG,aluminum,OdoBan aerosol
IMG_7748.JPG,aluminum,WD-40 aerosol
IMG_7750.JPG,aluminum,spray paint aerosol
IMG_7752.JPG,aluminum,Dove aerosol
IMG_7754.JPG,paper_cardboard,paper plate (coated)
IMG_7755.JPG,paper_cardboard,Oatly carton
IMG_9462.HEIC,plastic,Bounty in plastic wrap
IMG_9463.heic,plastic,Scott in plastic wrap
IMG_9468.heic,aluminum,canola spray aerosol
IMG_9471.heic,paper_cardboard,Organic Valley carton
